Code|Artist|Total Views|100M|Avg
1|BTS|27947.9|63|7.37
2|Bad Bunny|27573.4|66|14.555
3|Justin Bieber|27399.7|37|3.986
4|Ed Sheeran|26894|39|4.609
5|Taylor Swift|24350|38|5.716
6|Shakira|23961.8|43|7.843
7|Katy Perry|23553.4|25|3.181
8|Ozuna|22524.8|49|4.933
9|Eminem|20937.7|38|5.841
10|Ariana Grande|20618.5|37|3.37
11|Daddy Yankee|20485.2|41|4.543
12|J Balvin|20436.9|34|3.188
13|Blackpink|20082|32|8.63
14|Maroon 5|19430.1|30|3.264
15|Rihanna|18683.8|33|3.907
16|Maluma|18479.8|30|3.112
17|The Weeknd|17668.9|30|8.517
18|Bruno Mars|16897.5|20|4.19
19|Mar°lia Mendonáa|16515.8|53|6.397
20|Enrique Iglesias|16395.2|29|2.655
21|David Guetta|15484.6|29|3.744
22|Nicky Jam|14982.5|29|1.668
23|Coldplay|14849|21|4.052
24|BeyoncÇ|14681.4|37|2.947
25|Calvin Harris|14270.5|22|2.09
26|Luis Fonsi|14242.4|12|1.574
27|Romeo Santos|14113.2|26|4.772
28|Marshmello|14020.7|29|2.723
29|Karol G|13981.8|26|6.59
30|Imagine Dragons|13444.2|18|4.884
31|Henrique e Juliano|13210.1|37|4.97
32|Chris Brown|13165|37|3.842
33|Lady Gaga|13156|28|4.272
34|Gusttavo Lima|12899.1|35|4.186
35|The Chainsmokers|12561.5|19|1.602
36|Guru Randhawa|12413.4|33|21.626
37|Alan Walker|12329.8|18|2.467
38|Adele|12329.6|17|2.6
39|Wiz Khalifa|12175.3|13|1.896
40|Anuel AA|12111.8|23|7.475
41|Pitbull|11989.9|21|2.083
42|One Direction|11904.4|18|1.776
43|Banda MS|11847.7|26|2.664
44|TWICE|11667|24|3.681
45|Michael Jackson|11662.2|23|3.422
46|Sia|11545.7|17|2.525
47|Post Malone|11345.7|18|3.207
48|Neha Kakkar|11283.5|20|2.445
49|GummibÑr|11225.7|13|2.722
50|Selena Gomez|11062.8|29|3.544
51|Linkin Park|11044.5|25|2.681
52|Shawn Mendes|10923.6|16|2.006
53|Arijit Singh|10850.3|23|3.162
54|YoungBoy Never Broke Again|10593.7|26|4.873
55|Drake|10361.2|18|3.218
56|Billie Eilish|10290.2|22|3.039
57|twenty one pilots|10147.7|14|2.028
58|ZÇ Neto e Cristiano|10133.5|26|1.723
59|Los ?ngeles Azules|10070.7|26|4.093
60|PSY|9970.6|10|2.215
61|Yo Yo Honey Singh|9522.4|32|3.364
62|Jennifer Lopez|9282.3|24|1.627
63|Becky G|9280.8|11|1.743
64|Dua Lipa|9258.1|16|2.838
65|The Black Eyed Peas|9223.4|19|2.495
66|Avicii|9135.6|17|1.549
67|Queen|9081|16|1.88
68|Sebasti†n Yatra|9012.3|19|2.762
69|Nicki Minaj|9000.9|26|2.023
70|Rauw Alejandro|8927.2|20|5.189
71|Major Lazer|8826.7|12|1.188
72|XXXTENTACION|8823.3|18|1.615
73|DJ Snake|8530.6|13|1.891
74|Charlie Puth|8393.3|10|1.949
75|Jorge & Mateus|8380.3|22|2.691
76|Sam Smith|8294.6|13|2.194
77|Future|8146.9|13|2.297
78|Farruko|8116.8|20|2.192
79|Jason Derulo|8105.5|22|1.046
80|BIGBANG|8046.3|21|1.04
81|50 Cent|8010.8|15|2.607
82|Skrillex|7946|16|0.889
83|Martin Garrix|7827.2|14|1.202
84|Badshah|7822.3|16|2.775
85|Miley Cyrus|7750.1|19|1.603
86|Wesley Safad?o|7529.7|15|3.06
87|MattyB|7424.6|21|1.34
88|Reik|7315.1|20|2.485
89|Fifth Harmony|7313.4|8|1.008
90|Anitta|7278|22|1.717
91|Natti Natasha|7199.6|13|1.78
92|6ix9ine|7164.4|14|0.962
93|HA-ASH|7159.5|16|1.824
94|Meghan Trainor|7135.3|7|1.992
95|CantaJuego|7133.6|12|2.268
96|Paulo Londra|7086.4|15|2.373
97|Britney Spears|7029.7|25|1.468
98|Guns N' Roses|7020.6|8|1.785
99|Arcangel|7017.4|14|4.778
100|Crazy Frog|6960.4|12|3.981
101|Clean Bandit|6930.8|8|0.97
102|P!nk|6849|18|1.524
103|Chino & Nacho|6823.4|13|0.958
104|Little Mix|6732.3|17|0.997
105|Migos|6721.1|11|1.387
106|Matheus & Kauan|6714.9|16|1.97
107|Don Omar|6702.8|15|2.373
108|Christian Nodal|6622.5|17|3.274
109|CNCO|6618.3|14|0.657
110|Cardi B|6573.8|12|0.961
111|Mariah Carey|6559.4|16|1.818
112|AC/DC|6536.9|13|1.747
113|OneRepublic|6517.6|10|1.659
114|Demi Lovato|6432.4|13|0.615
115|Kevin Gates|6404.7|11|1.551
116|Ricky Martin|6390.7|10|0.9
117|Piso 21|6375.3|10|1.838
118|Maåtre Gims|6325.5|17|1.397
119|Juice WRLD|6317.2|13|2.535
120|Idina Menzel|6308.3|7|2.603
121|Boyce Avenue|6300.3|10|0.958
122|Prince Royce|6246.8|14|1.778
123|Ellie Goulding|6235.1|10|0.673
124|EXO|6215.5|16|0.964
125|DJ Khaled|6195.1|11|1.044
126|Justin Timberlake|6105.6|12|1.135
127|Thalia|6024|12|1.074
128|Travis Scott|6007.9|14|1.371
129|Sidhu Moose Wala|5992.2|18|5.752
130|Lil Baby|5916|18|3.232
131|Jass Manak|5887.3|15|1.511
132|Inna|5866.9|15|1.417
133|Cartel de Santa|5816.6|18|2.076
134|Patati Patat†|5791.6|13|2.335
135|Maiara & Maraisa|5785.9|12|1.957
136|Red Hot Chili Peppers|5764.1|12|1.587
137|Calibre 50|5736.5|15|2.263
138|Haschak Sisters|5670.8|16|0.503
139|Bon Jovi|5623.1|9|1.463
140|Myke Towers|5616.2|11|2.45
141|Mark Ronson|5591.5|3|1.216
142|Pentatonix|5583.6|13|0.552
143|Wisin|5578.5|12|0.955
144|Camila Cabello|5571.8|12|0.857
145|Nio Garc°a|5471.4|8|0.915
146|Avril Lavigne|5456|16|1.039
147|Metallica|5430.2|7|1.588
148|Juan Gabriel|5426.8|11|1.509
149|Lana Del Rey|5409.7|12|1.716
150|Hariharan|5345.6|8|4.076
151|Yasmin Verissimo|5341.8|15|2.464
152|Manuel Turizo|5332.8|10|2.929
153|Ricardo Arjona|5268.8|8|1.774
154|Kodak Black|5246.1|13|1.726
155|Lil Nas X|5200.8|10|1.315
156|MC Kevinho|5188.9|12|0.249
157|Marc Anthony|5173.6|13|1.497
158|Luan Santana|5164.4|14|1.812
159|Wisin & Yandel|5158.6|14|1.874
160|Sean Paul|5116.4|11|1.478
161|G-Eazy|5114.2|8|0.918
162|Akon|5107.6|9|1.823
163|Camilo|5094.4|14|1.379
164|Jessie J|5083.8|9|0.657
165|Madonna|5062.4|11|1.758
166|Lil Wayne|5050.1|8|1.139
167|Mohamed Ramadan|5007.8|8|0.84
168|Carlos Vives|4959.3|6|1.117
169|Tyga|4941.1|7|1.004
170|Whitney Houston|4918.7|10|1.894
171|Kygo|4910.1|11|1.003
172|Hillsong Worship|4831.7|10|2.158
173|Macklemore & Ryan Lewis|4823.8|8|0.624
174|Girls' Generation|4708.2|10|0.723
175|Aventura|4707.8|16|2.137
176|Jul|4703.4|4|1.751
177|Khalid|4662.6|10|0.885
178|LMFAO|4657.4|5|0.545
179|Jesse & Joy|4655.9|10|1.044
180|Plan B|4624.1|13|1.252
181|Man†|4607|14|1.432
182|Flo Rida|4604.6|10|0.826
183|Machine Gun Kelly|4552.1|10|1.214
184|Grupo Firme|4523.1|14|3.737
185|ZAYN|4503.5|5|0.863
186|Simone & Simaria|4482.7|9|0.859
187|Sech|4477.6|11|1.103
188|Doja Cat|4476.9|15|2.264
189|Rahat Fateh Ali Khan|4475|10|1.743
190|Adexe & Nau|4462.8|8|0.425
191|Usher|4458.7|13|1.214
192|Nirvana|4453.9|7|1.375
193|Lil Pump|4440.7|11|0.306
194|Jubin Nautiyal|4428.7|6|1.269
195|Saad Lamjarred|4331.2|10|0.966
196|Kanye West|4329.4|15|0.996
197|Pablo Albor†n|4326.3|11|1.037
198|Silvestre Dangond|4290.6|7|0.949
199|Rosal°a|4287.7|6|2.247
200|Kenshi Yonezu|4252.9|12|1.49
201|Stray Kids|4250.8|8|3.801
202|El Chombo|4197.4|1|1.391
203|Rammstein|4193.3|12|1.706
204|Illslick|4188.8|9|1.273
205|Backstreet Boys|4175.1|9|1.484
206|Meet Bros|4173.8|12|1.075
207|Elissa|4124|6|1.859
208|Kevin Roldan|4076.2|11|1.026
209|Pop Smoke|4065.6|8|1.665
210|Gorillaz|4064.4|10|1.143
211|Harry Styles|4049.7|9|2.265
212|Passenger|4033.4|1|0.622
213|Morat|4011.3|8|2.382
214|Dhanush|4002|5|1.679
215|Hussain Al Jassmi|3984|7|1.301
216|Zion & Lennox|3964.3|7|1.168
217|Rae Sremmurd|3933.3|9|0.364
218|Hungria Hip Hop|3866.4|13|1.544
219|Halsey|3864.1|8|0.908
220|NCT|3809.6|9|1.172
221|Monkan Kankoon|3792.6|10|1.792
222|Atif Aslam|3782.2|9|1.01
223|Panic! at the Disco|3777.9|6|0.484
224|CÇline Dion|3749.3|10|1.564
225|21 Savage|3741.6|8|1.098
226|El Alfa|3740.9|7|1.62
227|Kendrick Lamar|3728.1|12|0.854
228|Iggy Azalea|3726.6|9|0.34
229|Alejandro Fern†ndez|3719.5|6|1.118
230|TINI|3715.3|13|2.175
231|J.Fla|3701.8|6|0.35
232|La Adictiva Banda San JosÇ de Mesillas|3687.4|7|1.281
233|System of a Down|3680.4|8|1.07
234|Bryan Adams|3668.6|10|1.291
235|Slipknot|3656.3|10|1.056
236|Kurt Hugo Schneider|3635.2|4|0.222
237|Lil Uzi Vert|3634.5|8|1.267
238|Nour Al Zain|3625.1|8|0.594
239|Melendi|3609.1|4|1.148
240|Mon Laferte|3606.4|8|1.403
241|DaBaby|3592|7|0.759
242|Nickelback|3578.9|11|0.761
243|Carlos Rivera|3571.3|11|1.224
244|Nelly|3570.3|7|1.164
245|Chayanne|3555.5|11|0.882
246|Yandel|3544.3|7|1.447
247|Christina Aguilera|3523.3|10|0.767
248|Dalex|3521.8|8|1.137
249|Lil Durk|3520.8|3|1.983
250|Lindsey Stirling|3509.3|8|0.569
251|Cali y El Dandee|3504.6|7|0.716
252|Ariel Camacho y Los Plebes Del Rancho|3502.8|8|0.585
253|Jonas Blue|3495.9|7|0.63
254|Yuridia|3482|7|4.551
255|Santa Fe Klan|3459.6|6|2.638
256|Arctic Monkeys|3433.4|6|1.03
257|Bruno e Marrone|3431.9|5|1.091
258|Violetta|3428.5|4|0.263
259|Young Thug|3425|8|0.934
260|John Legend|3419.4|4|0.517
261|Bebe Rexha|3400.2|5|0.546
262|Banda Los Recoditos|3399.6|11|0.59
263|Tiâsto|3393|8|1.323
264|Melanie Martinez|3386.7|11|0.723
265|Christina Perri|3366.4|3|0.553
266|MC Livinho|3359.5|10|0.263
267|Ludmilla|3322|8|2.135
268|Meek Mill|3301.2|6|0.794
269|Little Big|3288.3|8|1.179
270|Marco Antonio Sol°s|3277|12|1.148
271|Pulcino Pio|3270.1|6|0.467
272|C-Kan|3269.3|7|0.713
273|Danny Ocean|3264.3|5|0.915
274|Seventeen|3260.1|3|2.311
275|Jhay Cortez|3259.3|3|1.123
276|Pharrell Williams|3258.5|6|0.583
277|Evanescence|3257|6|0.836
278|GOT7|3241.3|8|0.29
279|Green Day|3219.4|7|0.776
280|Cosculluela|3189.6|5|0.946
281|Alejandro Sanz|3183.5|5|0.684
282|Emiway Bantai|3168.8|7|0.968
283|Pedro Cap¢|3161.3|2|0.609
284|Zedd|3160.8|10|0.464
285|Stromae|3151.2|6|0.999
286|Lil Peep|3142.8|8|0.916
287|LP|3122.7|6|1.184
288|Vishal Dadlani|3122.2|9|0.72
289|Alicia Keys|3101.6|6|0.739
290|Luis Miguel|3089.7|8|1.244
291|Gucci Mane|3047.3|3|0.692
292|Abba|3045.9|7|1.318
293|Khea|3010|10|0.572
294|Gerardo Ortiz|2993.7|9|0.564
295|Ciara|2980.9|10|0.604
296|James Arthur|2980.5|4|0.859
297|Naiara Azevedo|2973.6|8|0.373
298|Gustavo Mioto|2969.6|7|1.303
299|Tribo da Periferia|2968.8|6|1.096
300|Armin van Buuren|2967.4|4|0.677
301|R°o Roma|2956.2|8|0.774
302|Harrdy Sandhu|2945.2|7|0.666
303|Brytiago|2945|7|0.658
304|Alex Rose|2917|6|1.058
305|Red Velvet|2916.9|12|0.585
306|Jay Chou|2915.2|4|0.773
307|Paramore|2911|10|0.592
308|Camila|2903.8|9|0.539
309|French Montana|2902.3|3|0.62
310|Soolking|2899.9|7|1.197
311|The Beatles|2893.8|9|0.956
312|Avi?es do Forr¢|2882.5|6|0.767
313|Bryant Myers|2878.9|10|1.248
314|Bee Gees|2854.4|6|1.327
315|Ne-Yo|2842.2|10|0.729
316|La Oreja de Van Gogh|2833.9|5|1.126
317|Calle 13|2830|9|0.53
318|Mac Miller|2813.7|5|0.679
319|Gente De Zona|2800.3|4|0.489
320|Dr. Dre|2799.2|5|0.938
321|Udit Narayan|2798.2|8|0.746
322|La Arrolladora Banda El Lim¢n De RenÇ Camacho|2784.5|7|0.808
323|Five Finger Death Punch|2784.1|9|0.821
324|Greeicy|2775.4|8|0.843
325|Kratai Phannipha|2770.2|6|0.373
326|Aerosmith|2761.6|5|0.872
327|ZoÇ|2756.3|6|0.806
328|MAGIC!|2746.5|2|0.416
329|Soprano|2736.2|10|0.43
330|Zara Larsson|2729.6|4|0.3
331|Modern Talking|2723|7|1.102
332|La Trakalosa de Monterrey|2721.1|7|0.424
333|Aya Nakamura|2715.2|5|0.805
334|Gabriela Rocha|2703.2|4|0.958
335|Childish Gambino|2699.8|6|0.693
336|Labanoon|2698.7|6|0.284
337|L'AlgÇrino|2694.4|8|0.287
338|Dilsinho|2687|4|0.675
339|Feid|2669.1|8|6.684
340|The Cranberries|2667|5|0.86
341|Son Tung M-TP|2660.6|11|0.614
342|Dimitri Vegas & Like Mike|2637.1|3|0.286
343|T.I.|2632.1|6|0.433
344|Ankush Raja|2625.1|6|1.233
345|Fetty Wap|2615.4|7|0.327
346|The Lonely Island|2603.5|9|0.166
347|A$AP Rocky|2599.5|4|0.699
348|Daft Punk|2587|5|0.734
349|MCs Zaac & Jerry|2585.8|8|0.227
350|Amr Diab|2584.4|3|0.412
351|will.i.am|2582|6|0.295
352|Jes£s Adri†n Romero|2577|7|0.873
353|Fall Out Boy|2572.4|6|0.415
354|ZÇ Felipe|2553|8|2.395
355|Robin Schulz|2552.6|6|0.58
356|Oasis|2538.5|7|0.597
357|Franco De Vita|2537.4|8|0.644
358|5 Seconds of Summer|2537|5|0.378
359|YNW Melly|2534.2|5|0.608
360|Swedish House Mafia|2525.6|5|0.458
361|Luke Combs|2522.2|6|1.08
362|Westlife|2515|6|0.838
363|Anne-Marie|2514.7|6|0.928
364|Ferrugem|2511.5|6|0.793
365|Jon Z|2505.3|5|0.966
366|Gloria Trevi|2501.3|5|0.635
367|Mustafa Ceceli|2495|7|0.696
368|Mamamoo|2494.4|4|0.615
369|Turma do Pagode|2482.8|6|0.649
370|Ava Max|2479.7|5|1.306
371|David Bisbal|2450.6|6|0.47
372|R. Kelly|2449|6|0.109
373|Felipe Ara£jo|2433.9|6|0.584
374|Jay Wheeler|2433.5|4|1.331
375|Tarkan|2430.8|4|0.678
376|The Pussycat Dolls|2429.5|8|0.7
377|Dhvani Bhanushali|2403.5|2|0.568
378|Polo G|2402.3|5|0.866
379|Foo Fighters|2397|6|0.531
380|Calum Scott|2396.7|4|0.695
381|Lukas Graham|2395.4|4|0.444
382|Trey Songz|2390.5|4|0.331
383|Miyagi|2384.7|4|1.486
384|Mau y Ricky|2375.8|3|0.797
385|Kelly Clarkson|2374.7|4|0.452
386|Selena|2362.7|7|0.971
387|Koray Avc?|2353.9|7|0.25
388|Gera MX|2349.8|3|1.064
389|Carla Morrison|2333.7|5|0.901
390|George Michael|2330.8|5|1.041
391|Sean Kingston|2327|4|0.724
392|Muse|2326.4|6|0.462
393|Luke Bryan|2321.2|7|0.352
394|Leningrad|2309.3|6|0.328
395|Super Junior|2295.4|7|0.369
396|De La Ghetto|2271.5|3|0.473
397|YG|2265.6|6|0.357
398|Roddy Ricch|2262.9|6|0.659
399|Avenged Sevenfold|2262.8|7|0.556
400|Carly Rae Jepsen|2255.9|2|0.31
401|Elton John|2250.2|6|1.395
402|iKON|2247.1|3|0.324
403|Alka Yagnik|2241.6|6|0.701
404|J. Cole|2241.4|6|0.775
405|Snoop Dogg|2233.7|7|0.536
406|Rita Ora|2229.9|4|0.287
407|Disturbed|2216.7|3|0.639
408|Desiigner|2215.5|4|0.274
409|Tones and I|2212.6|1|0.478
410|Gotye|2205|1|0.596
411|ZÇ Vaqueiro|2203.1|7|0.993
412|a-ha|2202.9|1|0.746
413|Diego & Victor Hugo|2200.2|7|0.64
414|A Boogie wit da Hoodie|2191.1|3|0.666
415|Logic|2184.2|3|0.193
416|Juanes|2177.1|8|0.565
417|Projota|2175.8|5|0.269
418|Kendji Girac|2175.6|8|0.47
419|2NE1|2166.1|2|0.235
420|Piccolo Coro dell'Antoniano|2154.6|3|0.685
421|Lunay|2144.2|6|0.448
422|Lil Dicky|2138|4|0.263
423|Rod Stewart|2136.7|4|1.107
424|Rag'n'Bone Man|2131.8|2|0.683
425|U2|2130.8|5|0.708
426|Megan Thee Stallion|2129.4|8|0.605
427|Hassan Shakosh|2121.7|5|0.35
428|Tove Lo|2116|3|0.47
429|K-ICM|2115.8|5|0.152
430|MC Pedrinho|2114.4|7|0.21
431|Sorriso Maroto|2095.7|4|0.645
432|The Script|2091.4|5|0.356
433|Danna Paola|2090.3|4|0.581
434|Mike Posner|2080|2|0.331
435|Ke$ha|2078.3|6|0.239
436|Silent¢|2059.3|1|0.128
437|MC Fioti|2058.8|1|0.218
438|Himesh Reshammiya|2052.2|3|1.31
439|Amy Winehouse|2049.1|4|0.684
440|MC Kekel|2048.2|6|0.101
441|ITZY|2035.1|7|1.013
442|Tory Lanez|2033.1|2|0.549
443|Shreya Ghoshal|2032.5|5|0.67
444|Michel Tel¢|2028|2|0.264
445|Kane Brown|2027.9|3|0.57
446|Capital Bra|2015.6|2|0.287
447|Tierry|2015.5|3|0.847
448|Zack Knight|2014.3|3|0.537
449|Andrea Bocelli|2013.5|4|0.688
450|Nelly Furtado|2011.5|4|0.658
451|Pabllo Vittar|1999.1|5|0.253
452|Andra|1998.5|4|0.198
453|MC Davo|1996|5|0.573
454|Olivia Rodrigo|1995.7|5|0.973
455|Joey Montana|1989.9|2|0.166
456|Lorde|1989.8|4|0.205
457|Eduardo Costa|1985.2|4|0.541
458|AKB48|1984.4|2|0.202
459|Skillet|1983.4|4|0.546
460|Indila|1982|4|0.877
461|Darshan Raval|1973.4|4|0.537
462|Lucas Lucco|1972.6|7|0.392
463|YOUNGOHM|1969|7|0.773
464|The Killers|1962.1|6|0.39
465|blink-182|1962|5|0.45
466|Big Sean|1959.9|5|0.159
467|Lartiste|1954.5|3|0.262
468|Cocktail|1947.4|7|0.378
469|JoJo Siwa|1941.6|4|0.212
470|Jason Mraz|1934.7|5|0.34
471|Jessi Uribe|1932|5|0.996
472|Kid Ink|1930.9|3|0.206
473|Cyndi Lauper|1930.7|3|0.536
474|Timati|1928.6|2|0.542
475|Hala Al Turk|1923.4|6|0.242
476|Laura Pausini|1922.2|2|0.408
477|Shania Twain|1919.2|6|0.689
478|Luciano Pereyra|1912|3|0.572
479|Michael BublÇ|1909.6|5|0.325
480|Timbaland|1904.9|6|0.701
481|Fergie|1899|6|0.395
482|Juan Magan|1898.2|5|0.242
483|Mohamed Alsalim|1897.8|3|0.535
484|Banda El Recodo De Cruz Liz†rraga|1895.6|5|0.38
485|Natalia Lafourcade|1893.9|5|0.793
486|Depeche Mode|1890.8|4|0.627
487|Balti|1890.4|3|0.652
488|Imran Khan|1888.6|4|0.891
489|Alvaro Soler|1886.6|4|0.312
490|Lewis Capaldi|1880.3|4|0.999
491|Sabyan|1878.8|6|0.147
492|Alem†n|1875.1|3|1.049
493|Sin Bandera|1866.7|6|0.496
494|B Praak|1863.1|3|0.233
495|Remmy Valenzuela|1862.4|6|0.442
496|Ceca|1861.6|0|0.352
497|MC Kevin|1853.6|4|0.625
498|OMI|1853.5|3|0.276
499|Florida Georgia Line|1852.1|5|0.206
500|Canserbero|1851.4|4|0.995
501|Hozier|1840|2|0.551
502|Lil Tjay|1835.7|3|0.723
503|Ricardo Montaner|1829.6|3|0.464
504|Radiohead|1828.1|2|0.791
505|Cristiano Ara£jo|1826.9|6|0.213
506|Galantis|1825.8|4|0.172
507|Niska|1825|4|0.432
508|Paula Fernandes|1822.8|3|0.443
509|Jason Aldean|1819.9|3|0.469
510|Palak Muchhal|1811.4|3|0.472
511|Chris Jeday|1803.9|3|0.691
512|Roxette|1801.6|3|0.516
513|Black M|1798.1|6|0.154
514|(G)I-DLE|1797.7|7|1.66
515|IU|1792.6|6|0.392
516|Arash|1790.6|4|0.57
517|Via Vallen|1787.5|3|0.084
518|Hailee Steinfeld|1782.2|6|0.261
519|Three Days Grace|1780.4|4|0.423
520|Soulja Boy Tell'em|1780.1|2|0.196
521|PNL|1775.6|6|0.338
522|Alok|1773.2|2|0.639
523|Maria Becerra|1766.2|6|2.345
524|The Game|1764.7|5|0.38
525|Abraham Mateo|1760.9|3|0.408
526|Bryson Tiller|1760.7|4|0.457
527|Blake Shelton|1760.6|3|0.332
528|AronChupa|1758|3|0.228
529|Eros Ramazzotti|1757.6|4|0.632
530|James Blunt|1757.1|2|0.429
531|Naughty Boy|1751.2|2|0.214
532|Marcos & Belutti|1745.3|4|0.265
533|SHINee|1735.6|2|0.27
534|R.E.M.|1734.9|2|0.571
535|2 Chainz|1728.7|5|0.278
536|Vremya i Steklo|1721.8|5|0.138
537|Lata Mangeshkar|1720.7|6|0.449
538|?rem Derici|1717.3|3|0.319
539|Scorpions|1715.3|2|0.444
540|Raymix|1712.5|3|0.379
541|ONE OK ROCK|1711.7|3|0.38
542|Zouhair Bahaoui|1705.7|3|0.489
543|Ra° Saia Rodada|1702.9|4|0.485
544|Rick Astley|1697.5|2|0.504
545|My Chemical Romance|1689.8|7|0.511
546|Rick Ross|1687.2|3|0.342
547|B.o.B|1687.1|2|0.3
548|Korn|1686|3|0.492
549|Lil Skies|1683.5|4|0.184
550|El Komander|1679.2|3|0.26
551|Naps|1671.7|5|0.472
552|Nella Kharisma|1671.3|5|0.135
553|Shaggy|1663.3|6|0.425
554|Noriel|1661.3|3|0.404
555|Bruce Springsteen|1653.9|3|0.626
556|"Earth| Wind & Fire"|1649.2|3|0.563
557|Foster The People|1645.9|3|0.373
558|3 Doors Down|1641.7|3|0.398
559|Boney M.|1637.7|3|1.038
560|Getsunova|1633.9|5|0.181
561|Mary J. Blige|1630.1|4|0.658
562|Joyner Lucas|1620.7|1|0.36
563|2CELLOS|1619.4|1|0.333
564|Destiny's Child|1617.9|7|0.433
565|Last Child|1615.9|4|0.714
566|Lauv|1610.5|4|0.368
567|Robbie Williams|1605.3|4|0.277
568|Jonas Brothers|1597.6|3|0.199
569|Lauana Prado|1595.8|3|0.613
570|Toni Braxton|1595|3|0.577
571|Sofia Reyes|1590.3|3|0.514
572|Wham!|1580.5|2|0.311
573|Jeremih|1580|6|0.294
574|J Alvarez|1579.4|2|0.393
575|Ella Mai|1579.3|4|0.441
576|Burna Boy|1578.5|3|1.589
577|Marilyn Manson|1576.3|3|0.356
578|Audioslave|1576.1|3|0.488
579|Afrojack|1572.9|3|0.102
580|Là B?o Bçnh|1572|4|0.383
581|Manuel Medrano|1566.9|3|0.397
582|The Notorious B.I.G.|1560.1|4|0.793
583|Israel Kamakawiwo'ole|1558.2|2|0.301
584|T-Pain|1552.8|5|0.431
585|The Police|1549.7|3|0.571
586|JD Pantoja|1548.7|4|0.316
587|MC WM|1542.2|5|0.092
588|Fun.|1542.2|3|0.284
589|Demet Akal?n|1541.5|2|0.173
590|Wolfine|1534|2|0.271
591|Israel & Rodolffo|1527.8|1|1.652
592|Andy Rivera|1527|3|0.583
593|MHD|1525|5|0.245
594|M? TÉm|1521.7|2|0.274
595|Die Antwoord|1519.3|5|0.206
596|Reynmen|1516|3|0.25
597|Elvis Presley|1513.6|1|0.782
598|Kehlani|1512.9|2|0.325
599|Santana|1490.9|3|0.57
600|Ty Dolla $ign|1487.9|1|0.231
601|No Doubt|1486.7|2|0.394
602|Renuka Panwar|1483.5|1|0.313
603|4 Non Blondes|1479.9|1|0.563
604|Alexandra Stan|1476|5|0.236
605|Kany Garc°a|1474.9|4|0.918
606|Kid Rock|1467.8|2|0.455
607|Carrie Underwood|1460.8|1|0.234
608|Toto|1456.7|3|0.649
609|Mannat Noor|1452.8|1|0.221
610|Rombai|1443.9|4|0.197
611|Tom Odell|1443.3|2|1.086
612|Fernandinho|1437.4|2|0.821
613|4Minute|1428.6|4|0.126
614|Abel Pintos|1428.1|1|0.354
615|SISTAR|1425.7|4|0.162
616|Buray|1423.8|7|0.354
617|Thiaguinho|1423.4|2|0.618
618|R3HAB|1422.5|2|0.222
619|Grupo Revelaá?o|1420.6|2|0.538
620|Mano Walter|1420.1|3|0.142
621|Europe|1417.6|2|0.371
622|Yo Gotti|1414.7|4|0.237
623|BÇ B?o An|1411.3|4|0.384
624|Tainy|1410|3|0.4
625|Alessia Cara|1409.4|4|0.207
626|Troye Sivan|1409|2|0.201
627|Jenni Rivera|1408.3|2|0.023
628|Willy William|1406.9|2|0.315
629|Kids United|1406.8|3|0.314
630|Carla's Dreams|1400.8|0|0.361
631|Dwayne Johnson|1400.6|1|1.17
632|L.??.|1397.4|5|0.45
633|C. Tangana|1396.9|3|0.364
634|Sunidhi Chauhan|1394.4|3|0.216
635|•engo Flow|1388.8|4|0.825
636|Radwimps|1386.7|3|0.483
637|Damas Gratis|1384.5|4|0.756
638|G.E.M.|1381.6|4|0.234
639|Milky Chance|1380.1|3|0.412
640|The Kid LAROI|1379.9|2|0.775
641|Banda Carnaval|1379.8|1|0.248
642|Hande Yener|1378.6|3|0.184
643|Aqua|1377.2|1|0.536
644|Kong Huayrai|1375.9|4|0.432
645|Sherine|1375.5|5|0.58
646|Hadise|1374.1|5|0.232
647|Owl City|1373.3|2|0.223
648|MC G15|1372.3|5|0.08
649|Kings Of Leon|1367.3|2|0.302
650|J-Ax|1365.4|2|0.118
651|Pang Nakarin|1365|4|0.168
652|Akcent (Romania)|1362.6|1|0.22
653|Rudimental|1361.9|3|0.18
654|OutKast|1361.4|3|0.383
655|Gigi D'Agostino|1360.5|3|0.381
656|Melim|1359.1|2|0.399
657|Preto no Branco|1355.4|2|0.329
658|Marwa Loud|1353.6|5|0.47
659|Ryan Castro|1352.7|5|1.403
660|Fernando & Sorocaba|1342.2|1|0.137
661|Flume|1338.9|3|0.229
662|Bonnie Tyler|1336|3|0.469
663|Natiruts|1331.5|3|0.551
664|Auli'i Cravalho|1329.3|2|0.619
665|MC Lan|1328.9|2|0.05
666|Alejandra Guzm†n|1328.4|3|0.229
667|Ylvis|1325.5|1|0.145
668|Armaan Malik|1322.7|3|0.354
669|YFN Lucci|1320.2|2|0.312
670|Sexion D'Assaut|1317.4|2|0.158
671|Rvssian|1315.2|3|0.291
672|Pedro Sampaio|1310.9|4|0.575
673|Sila|1304.6|2|0.249
674|Taio Cruz|1300.9|5|0.159
675|The Lumineers|1299.5|4|0.304
676|Vitor Fernandes|1299.4|3|0.528
677|GÅl?en|1296.5|4|0.255
678|Baby Rasta y Gringo|1295.6|1|0.287
679|Mahahing|1294.7|4|0.132
680|Gwen Stefani|1293.3|4|0.247
681|Alexis y Fido|1291.7|3|0.505
682|Billy Joel|1287.1|3|0.437
683|Emrah Karaduman|1286.5|3|0.146
684|Duke Dumont|1286.3|2|0.285
685|L-Gante|1281.3|1|0.581
686|John Newman|1278.3|1|0.271
687|Dennis|1277.6|2|0.152
688|Phil Collins|1277.6|2|0.368
689|JhenÇ Aiko|1274.9|2|0.414
690|El Bebeto|1271.4|2|0.189
691|Lenny Kravitz|1271.4|3|0.382
692|IZA|1270.3|5|0.396
693|Era Istrefi|1269.5|1|0.542
694|Nego do Borel|1269|3|0.065
695|Young M.A|1267.7|2|0.168
696|Le¢n Larregui|1264.3|4|0.345
697|SZA|1264|4|4.931
698|Yelawolf|1262.1|2|0.412
699|Mike WiLL Made-It|1261.9|1|0.118
700|Thomas Rhett|1261.4|2|0.174
701|Tiago PZK|1261.2|3|0.974
702|Sting|1260.2|3|0.554
703|The Neighbourhood|1255.2|1|0.545
704|Jads & Jadson|1252.2|1|0.23
705|Kim Loaiza|1252.1|4|1.25
706|Sharry Mann|1251.1|3|0.311
707|Jo?o Gomes|1247.2|4|1.729
708|Thirty Seconds to Mars|1247.2|3|0.176
709|Ayo & Teo|1247|2|0.09
710|WINNER|1244|1|0.119
711|NerdOut|1243.1|1|0.207
712|OG-ANIC|1241.3|4|0.191
713|Keyshia Cole|1241.1|5|0.319
714|Reykon|1236|2|0.16
715|Train|1233.3|4|0.205
716|Bruno e Barretto|1229.5|2|0.256
717|Carlos Baute|1229.3|1|0.239
718|Shaan|1229.3|2|0.879
719|AndrÇs Cepeda|1227.4|3|0.273
720|Florence + The Machine|1226.4|2|0.184
721|Limp Bizkit|1222.2|5|0.38
722|Severina|1222.2|1|0.214
723|Leona Lewis|1221.1|4|0.273
724|Diljit Dosanjh|1219.1|3|0.379
725|M†rcia Fellipe|1215.6|2|0.156
726|Omarion|1215.5|1|0.155
727|Bastille|1215.3|1|0.195
728|Brett Young|1215.3|2|0.382
729|Simple Plan|1213.8|4|0.237
730|Robin Thicke|1209.3|1|0.17
731|Austin Mahone|1207.8|2|0.091
732|ZÇ Ramalho|1204.7|3|0.349
733|Nipsey Hussle|1199.5|2|0.3
734|Jowell & Randy|1198.4|1|0.284
735|Liam Payne|1192.8|3|0.126
736|Amenazzy|1191|1|0.526
737|2Pac|1183.2|3|0.382
738|Mabel Matiz|1182.8|2|0.431
739|Bushido|1182.7|0|0.129
740|Nick Jonas|1182|2|0.134
741|Dynoro|1180.3|1|0.138
742|Victor & Leo|1178.9|2|0.373
743|Mora|1177.6|2|2.48
744|Shinedown|1175.5|1|0.346
745|Baby K|1175.4|3|0.158
746|George Ezra|1175.2|4|0.251
747|Dire Straits|1175|5|0.469
748|Zak Chumpae|1174.7|3|0.041
749|Dhurata Dora|1174|1|0.231
750|Vicentico|1167.9|3|0.415
751|Sohail Sen|1167|2|0.309
752|Basshunter|1166.8|2|0.134
753|Otilia|1164.4|1|0.121
754|Mr. Children|1164.3|0|0.553
755|Nightwish|1159.6|2|0.365
756|Jax Jones|1156.1|4|0.131
757|Benny Blanco|1153.8|2|0.259
758|Residente|1153.1|3|0.217
759|MinistÇrio Zoe|1150.1|1|0.324
760|Sabrina Carpenter|1148.8|1|0.415
761|Disclosure|1145.3|3|0.167
762|Tomorrow X Together|1145.3|4|0.419
763|N Sync|1144.5|3|0.375
764|Felipe Pel†ez|1141.4|2|0.231
765|Miguel BosÇ|1137.2|2|0.344
766|Sade|1134.8|3|0.459
767|Bonez MC|1128.1|3|0.28
768|Yellow Claw|1127.7|3|0.173
769|James Bay|1125.5|2|0.182
770|Alec Benjamin|1125.4|1|0.585
771|Lexa|1122.5|3|0.142
772|Banda Tierra Sagrada|1122.1|2|0.221
773|Club Dogo|1121.9|0|0.242
774|Lady Antebellum|1121.7|2|0.261
775|Kid Cudi|1120.8|3|0.232
776|The Vamps|1117.1|2|0.121
777|August Alsina|1116.5|2|0.181
778|Momoland|1113.2|2|0.174
779|Survivor|1111.9|2|0.389
780|Amit Kumar|1111.8|2|0.244
781|The Verve|1107.1|1|0.333
782|LÇo Magalh?es|1101.8|1|0.345
783|MIKA|1100.9|2|0.17
784|Charli XCX|1100.9|3|0.142
785|Yella Beezy|1097.7|2|0.215
786|DVBBS|1094.1|1|0.067
787|Sam Hunt|1091.5|3|0.122
788|Aitana|1085|4|0.632
789|Ludacris|1084.2|1|0.191
790|Edward Maya|1083.3|2|0.277
791|Simge|1082.3|4|0.271
792|Birdy|1079.3|4|0.202
793|Labrinth|1077.9|3|0.402
794|The 1975|1077.9|0|0.404
795|Mero|1077.6|2|0.321
796|Bhad Bhabie|1077.3|2|0.095
797|Alkilados|1077.3|4|0.18
798|The Rolling Stones|1076.6|0|0.281
799|R. City|1076.4|1|0.145
800|Ben Fero|1073.7|3|0.228
801|Bazzi|1073.7|4|0.192
802|Gloria Groove|1072.8|2|0.534
803|Weird Al Yankovic|1070.8|2|0.23
804|Lizzo|1069.3|4|0.361
805|Keane|1068.7|2|0.554
806|Dan + Shay|1068.3|3|0.191
807|Boy Panomprai|1068|3|0.176
808|Anavit¢ria|1067.6|3|0.243
809|Dillon Francis|1066.4|2|0.121
810|B°ch Ph??ng|1062.8|2|0.449
811|Hoobastank|1059.8|1|0.309
812|Wale|1058.1|3|0.223
813|Gym Class Heroes|1056.7|2|0.399
814|Sido|1056.5|0|0.281
815|Alesso|1055.4|2|0.166
816|Mumford & Sons|1054.6|1|0.138
817|Sigala|1049.6|3|0.169
818|Lauren Daigle|1048.1|2|0.315
819|Kylie Minogue|1047|1|0.408
820|DJ Hamida|1046.4|1|0.155
821|Miguel|1046.4|4|0.42
822|Bigflo & Oli|1046|1|0.195
823|Spice Girls|1045.9|1|0.212
824|DMX|1045.4|3|0.306
825|Aleyna Tilki|1045|3|0.09
826|Mike Bah°a|1042|4|0.465
827|Bobby Shmurda|1041.9|1|0.163
828|Aurora|1040.4|1|0.897
829|Cher Lloyd|1036.1|5|0.041
830|Blueface|1034.5|2|0.244
831|Dev Negi|1033.9|2|0.228
832|Pipe Bueno|1032.8|4|0.403
833|Siti Badriah|1031.4|1|0.091
834|Marama|1029.5|2|0.164
835|Param Singh|1029|1|0.25
836|Tiziano Ferro|1028.4|0|0.198
837|Jannine Weigel|1028.4|1|0.055
838|Oliver Tree|1028|1|2.196
839|Kaaris|1027.6|2|0.104
840|Eurythmics|1027.1|1|0.475
841|Rocco Hunt|1026.4|3|0.504
842|Rich The Kid|1023.8|2|0.107
843|Glass Animals|1023.7|2|0.791
844|Bryant Oden|1022.9|2|0.142
845|Enzo Rabelo|1022.5|3|0.149
846|John Mayer|1019.9|2|0.254
847|Lost Frequencies|1018.6|3|0.151
848|Potato|1017.1|1|0.142
849|The Strokes|1016.5|3|0.292
850|ScHoolboy Q|1016.4|2|0.118
851|Jasmine Sandlas|1014.4|2|0.198
852|Ghali|1014.4|2|0.133
853|Darell|1014.3|2|0.368
854|Min|1013.5|5|0.168
855|Leslie Grace|1008.6|3|0.127
856|Alonzo|1003.3|2|0.095
857|LÇo Santana|1002.1|1|0.379
858|Phan M?nh Qu?nh|998.9|2|0.096
859|Bomba EstÇreo|997.6|3|0.178
860|The Offspring|995.1|1|0.498
861|Ultimo|994.7|0|0.331
862|Humberto e Ronaldo|993.4|1|0.347
863|Leandro Borges|993|1|0.435
864|Jo?o Neto e Frederico|991.7|2|0.063
865|Vegedream|991.3|1|0.507
866|Alex Campos|991.2|1|0.484
867|Sasa Kovacevic|985.3|0|0.119
868|Fedez|984.9|2|0.232
869|Tr£c NhÉn|981.4|3|0.949
870|IZ*ONE|979.6|2|0.239
871|CafÇ Tacvba|977.5|1|0.23
872|DNCE|975.7|3|0.158
873|Jack Harlow|969.9|2|0.417
874|Gen Hoshino|968|1|0.166
875|Papa Roach|966.3|2|0.22
876|Miranda Lambert|962.7|1|0.215
877|Olly Murs|962|3|0.129
878|Juan Luis Guerra|960|1|0.437
879|Wonder Girls|958.4|2|0.172
880|K Camp|957.9|2|0.197
881|Dido|957.2|2|0.422
882|Led Zeppelin|954.2|3|0.437
883|Jay-Z|953|1|0.565
884|Alex Sensation|952.2|2|0.176
885|Henrique & Diego|946.9|2|0.062
886|Sonu Nigam|945.7|2|0.479
887|Soobin HoÖng S?n|942.7|1|0.223
888|Of Monsters and Men|940.8|1|0.154
889|Jo?o Bosco e Vin°cius|940.2|2|0.234
890|Yash Narvekar|938.1|2|0.272
891|Creed|934.9|3|0.277
892|Vengaboys|934.8|3|0.341
893|Pooh Shiesty|933.1|2|0.433
894|Tony Kakkar|929.5|2|0.136
895|25hours|929.3|1|0.149
896|Monsta X|927.8|1|5.269
897|Abu|925.7|1|0.232
898|Boyz II Men|925.5|4|0.276
899|Axel|922.9|2|0.11
900|GFriend|922|0|0.11
901|Ivete Sangalo|921.2|0|0.195
902|Years & Years|917.5|2|0.132
903|Rachel Platten|915.2|2|0.143
904|RKM & Ken-Y|913.8|2|0.166
905|The Wanted|912.4|2|0.079
906|Pikotaro|910.4|3|0.151
907|John Lennon|908|4|0.231
908|Bump of Chicken|907.3|1|0.254
909|Savage Garden|902.7|3|0.325
910|Brad Paisley|902.7|2|0.151
911|MC Doni|902.6|3|0.15
912|Apink|902.5|0|0.093
913|Julieta Venegas|902.4|2|0.389
914|Rich Gang|902.1|2|0.214
915|Tinie Tempah|900.1|2|0.106
916|RASA|900.1|2|0.627
917|Tame Impala|894.8|3|0.367
918|Why Don't We|892.3|1|0.188
919|Busta Rhymes|889.3|1|0.248
920|Capital Cities|889.2|2|0.257
921|Mahmut Orhan|888.9|3|0.194
922|Ana Carolina|885.6|2|0.251
923|KSI|885.5|1|0.066
924|AnnenMayKantereit|883.8|0|0.358
925|Kenny Chesney|883.5|0|0.147
926|Keen'V|883.3|1|0.223
927|Juicy J|882.6|1|0.114
928|Fat Joe|880.9|2|0.231
929|Steve Aoki|880.9|1|0.06
930|Seether|877.7|1|0.25
931|Fly Project|876.9|1|0.168
932|Michael Bolton|873.2|3|0.292
933|AOA|873.1|0|0.086
934|Leo Rojas|873|2|0.218
935|Big Ass|872.5|2|0.181
936|Jamiroquai|869|1|0.221
937|TLC|866.9|3|0.222
938|Jess Glynne|862.4|4|0.151
939|Kiesza|862.1|2|0.136
940|King|860.7|2|4.931
941|Jassi Gill|860.7|1|0.116
942|Hamza Namira|858.8|2|0.356
943|Delia|858.1|0|0.113
944|Tu?áe Kandemir|858|3|0.213
945|KC Rebell|854.8|0|0.073
946|Ja Rule|852|3|0.283
947|Culture Club|849.8|2|0.246
948|Jay Sean|849.5|2|0.226
949|Vasco Rossi|846.2|0|0.145
950|Marco Mengoni|845.9|2|0.176
951|Lilly Wood & The Prick|839.1|1|0.171
952|Daughtry|837.7|2|0.264
953|CKay|836.7|2|0.787
954|Mr Probz|835.2|1|0.177
955|gnash|834.7|1|0.2
956|deadmau5|834.2|0|0.09
957|Vance Joy|833.7|1|0.187
958|Altamash Faridi|831.9|1|0.201
959|Midian Lima|827.2|2|0.244
960|Tinashe|825.6|1|0.114
961|Thaeme & Thiago|824.6|0|0.054
962|Big Time Rush|824.4|1|0.083
963|NAV|823.8|0|0.14
964|The Prodigy|823.6|1|0.199
965|ChocQuibTown|821.9|1|0.097
966|Maite Perroni|821.2|3|0.145
967|Lil Xan|821.2|2|0.091
968|X Ambassadors|820.8|2|0.189
969|Sum 41|820.7|2|0.169
970|365 DaBand|819|1|0.098
971|Tony Dize|818.6|2|0.249
972|BNK48|817.6|2|0.093
973|PnB Rock|817|0|0.13
974|O.T. Genasis|816.7|2|0.076
975|KYLE|815|2|0.088
976|Far East Movement|814.9|2|0.098
977|J Soul Brothers|813.1|1|0.048
978|Hebe Tien|811.7|1|0.043
979|The Cure|811.6|1|0.264
980|EXID|809.5|1|0.077
981|Oras Sattar|807.9|1|0.122
982|Faydee|806.3|1|0.148
983|Burak Yeter|805.3|1|0.186
984|Sekai no Owari|802.9|1|0.153
985|Kodaline|800.7|2|0.237
986|T-ara|799.1|0|0.147
987|La Quinta Estaci¢n|797.9|1|0.24
988|Mario|797.1|2|0.277
989|Loredana Zefi|795.7|0|0.091
990|Sophia Grace|794.8|1|0.027
991|Il Volo|794.5|1|0.171
992|Polina Gagarina|794|1|0.243
993|T_T|792.7|2|0.047
994|Deorro|790|2|0.101
995|Redfoo|789.7|2|0.144
996|Eric Clapton|789.3|2|0.266
997|SanLuis|787.5|2|0.192
998|Atitude 67|786.3|1|0.146
999|Rusherking|786.1|2|1.141
1000|SCH|785.3|1|0.108
1001|MÜneskin|785|2|0.585
1002|The White Stripes|784.4|1|0.3
1003|Weezer|782.4|1|0.181
1004|Pia Mia|782.2|1|0.105
1005|Queen Naija|780.5|2|0.265
1006|Niall Horan|777.3|1|0.106
1007|Kalash|777.2|1|0.143
1008|Douzi|775.7|0|0.168
1009|Kool & The Gang|775.2|4|0.229
1010|Breaking Benjamin|774.7|1|0.196
1011|M83|774|2|0.217
1012|Stormzy|772.5|2|0.221
1013|JustaTee|770.9|3|0.314
1014|Nicky Romero|770.1|1|0.034
1015|Spitz|765.6|1|0.19
1016|AAA|764.6|2|0.067
1017|GTK|763.7|2|0.104
1018|Takagi & Ketra|763.5|3|0.084
1019|MC Hammer|763.1|1|0.182
1020|Pepe Quintana|759|3|0.146
1021|Cascada|758.7|1|0.097
1022|Kungs|758.3|1|0.231
1023|Osmani Garcia|758.1|1|0.082
1024|Pet Shop Boys|757.5|2|0.302
1025|Bullet For My Valentine|756.5|1|0.164
1026|Rich Homie Quan|755.2|2|0.13
1027|Central Cee|752.3|1|1.568
1028|Marcela G†ndara|749.7|2|0.234
1029|Alessandra Amoroso|749.1|1|0.157
1030|Bob Sinclar|746.9|2|0.25
1031|Irama|746|2|0.334
1032|Keri Hilson|743.5|2|0.165
1033|Äa?atay Akman|742.7|2|0.049
1034|Sofia Carson|742|3|0.241
1035|O Rappa|741.2|1|0.189
1036|Paulina Rubio|740.3|1|0.143
1037|Tiago Iorc|739.7|2|0.142
1038|La Factor°a|738.1|1|0.218
1039|PARTYNEXTDOOR|737.6|2|0.281
1040|Ozan Do?ulu|736.4|2|0.081
1041|Pawni Pandey|734.1|1|0.198
1042|Murat Boz|727.9|2|0.13
1043|John Denver|727.1|1|0.183
1044|Leonard Cohen|726.7|2|0.225
1045|Utada Hikaru|723.9|0|0.402
1046|Heart|723.2|2|0.325
1047|Thiago Brava|721|1|0.031
1048|Within Temptation|719.9|1|0.201
1049|A Great Big World|719.5|1|0.127
1050|KAZKA|716.6|1|0.147
1051|JayDaYoungan|716.3|1|0.29
1052|Silva Gunbardhi|714.3|1|0.131
1053|City Girls|712.3|1|0.187
1054|Oriente|706.5|2|0.137
1055|Andy & Lucas|703.8|2|0.23
1056|Bloodhound Gang|700.2|1|0.097
1057|Louis Tomlinson|699.4|1|0.07
1058|Ece Seákin|698.8|3|0.063
1059|Prince|696.7|0|0.35
1060|Duran Duran|696.4|1|0.372
1061|Jovanotti|696.1|0|0.106
1062|La Fouine|695.9|0|0.123
1063|Jordin Sparks|695|1|0.208
1064|Extreme|693.3|1|0.217
1065|Gabriel Diniz|692.7|2|0.089
1066|Pearl Jam|691.8|2|0.179
1067|The Fray|691.1|2|0.1
1068|Snow Patrol|690.5|1|0.117
1069|ModÖ|690.3|0|0.141
1070|Haikaiss|689.8|1|0.072
1071|Nico & Vinz|688.8|1|0.162
1072|Paty Cant£|687.7|0|0.087
1073|Travie McCoy|686.4|1|0.118
1074|OrelSan|685.5|1|0.161
1075|Marina and the Diamonds|684.7|1|0.119
1076|Goo Goo Dolls|683.9|1|0.305
1077|MC Rodolfinho|681.3|2|0.057
1078|Rise Against|680.5|2|0.102
1079|LOONA|680.1|0|0.109
1080|Lily Allen|679.1|2|0.086
1081|Kyary Pamyu Pamyu|678.2|1|0.066
1082|UB40|677.4|1|0.194
1083|India Mart°nez|675.1|2|0.333
1084|Nicole Scherzinger|674.4|1|0.059
1085|Lilly Goodman|673.9|1|0.216
1086|Staind|673.6|2|0.199
1087|Blue|672.6|3|0.376
1088|Little Big Town|672.1|2|0.153
1089|t.A.T.u.|669.8|2|0.225
1090|The Chipettes|668.6|1|0.038
1091|Trio Parada Dura|667.3|2|0.298
1092|Julia Michaels|666.9|1|0.076
1093|B?o Anh|665.7|1|0.079
1094|IAmChino|665|1|0.067
1095|Helene Fischer|664.4|0|0.196
1096|Rema|664.1|1|1.815
1097|DJ Antoine|662.3|1|0.061
1098|The Fugees|661.4|2|0.505
1099|M.I.A.|661.2|2|0.144
1100|Biel|658.7|1|0.021
1101|Monica|658.6|2|0.206
1102|Burak King|658.3|2|0.105
1103|Mustard|658|2|0.131
1104|Dawin|657.6|2|0.057
1105|Lali|657.3|1|0.147
1106|Perfume|656.3|0|0.078
1107|Isaias Saad|655.4|1|0.648
1108|Sak Noel|654.9|1|0.104
1109|Yemi Alade|654.5|1|0.134
1110|K.A.R.D|654.2|0|0.108
1111|Ace of Base|653.6|3|0.282
1112|Maxim Fadeev|653.2|2|0.161
1113|Daoko|652.6|1|0.144
1114|Adam Lambert|650.7|2|0.193
1115|Ace Hood|650|1|0.079
1116|KeBlack|648.6|2|0.065
1117|Cleber e Cauan|648.3|1|0.11
1118|Norm Ender|648|1|0.124
1119|Feduk|645.3|2|0.111
1120|Sophana|645|3|0.16
1121|Reyli Barba|644.3|1|0.14
1122|Anna Kendrick|642.8|1|0.037
1123|Cro|640.4|0|0.049
1124|Madcon|640|3|0.108
1125|Martin Solveig|639.8|2|0.041
1126|Saif Nabeel|636.5|2|0.159
1127|SDP|635.2|0|0.141
1128|Kevvo|632.8|1|0.17
1129|Felix Jaehn|632.1|1|0.165
1130|Block B|630.2|0|0.054
1131|Shiina Ringo|629.7|0|0.172
1132|BABYMETAL|628.6|1|0.137
1133|Armada|626.6|2|0.158
1134|Magic System|626.5|1|0.195
1135|Dierks Bentley|624.3|1|0.102
1136|The Black Keys|622.4|1|0.124
1137|Sarah Farias|621.5|2|0.238
1138|MGMT|621.3|3|0.172
1139|Fabio Rovazzi|621.2|3|0.035
1140|Smash Mouth|617.4|1|0.168
1141|Sakanaction|615.2|1|0.119
1142|Mark Forster|614.5|1|0.075
1143|Summer Cem|614.4|1|0.069
1144|Iyaz|613.3|2|0.199
1145|Livres|612.2|1|0.181
1146|Bella Poarch|611.9|2|0.4
1147|Fabri Fibra|611.5|0|0.138
1148|Dean Lewis|611|2|0.446
1149|Alanis Morissette|610.7|1|0.175
1150|AWOLNATION|610.2|1|0.113
1151|Tayrone|608.7|1|0.603
1152|Amit Mishra|608.6|2|0.061
1153|Bizzey|607.4|1|0.091
1154|Masked Wolf|604.9|2|0.207
1155|RIDSA|604.9|1|0.141
1156|V? Duy Kh†nh|603.6|1|0.035
1157|Lola Indigo|601.7|1|0.53
1158|Stefflon Don|601.4|2|0.101
1159|2PM|599.8|0|0.07
1160|Beast|599.5|1|0.066
1161|R.I.O.|599.3|1|0.029
1162|Pentagon|599.2|1|0.072
1163|Noah Cyrus|597.4|2|0.084
1164|Gradur|597.1|2|0.048
1165|Millind Gaba|596.7|1|0.132
1166|Sylwia Grzeszczak|596.5|1|0.111
1167|ZAZ|596.3|0|0.171
1168|BlocBoy JB|595.7|1|0.067
1169|Max Jenmana|595.1|2|0.071
1170|Kat DeLuna|594.6|2|0.085
1171|Louane|591.8|0|0.106
1172|V†zquez Sounds|589.9|1|0.044
1173|Alexio La Bestia|587.5|2|0.243
1174|Sumit Goswami|586.9|1|0.082
1175|Blondie|586.7|1|0.31
1176|Loubet|584.8|0|0.117
1177|BOL4|583.9|1|0.153
1178|ZHU|583.8|2|0.181
1179|Lil Jon|583.6|2|0.144
1180|Netta|583.5|2|0.22
1181|The Smashing Pumpkins|583.1|1|0.18
1182|Charlie Brown Jr.|580.1|1|0.204
1183|Nekfeu|579.3|1|0.071
1184|Rascal Flatts|575.7|1|0.103
1185|miss A|574.8|1|0.064
1186|Khaled|574.5|1|0.268
1187|Matchbox Twenty|573.9|1|0.177
1188|DeJ Loaf|572.9|2|0.134
1189|Cheat Codes|571.4|2|0.074
1190|E-Girls|568.2|0|0.034
1191|Luther Vandross|565|2|0.212
1192|Ligabue|564.9|0|0.073
1193|Girl's Day|563.4|0|0.06
1194|Enya|561.3|1|0.216
1195|Zay & Zayion|559.6|1|0.029
1196|Mithoon|559.1|1|0.21
1197|MC Brinquedo|558.4|1|0.045
1198|Emis Killa|558|0|0.085
1199|The Calling|557.4|1|0.131
1200|Bone Thugs-N-Harmony|557.2|2|0.126
1201|HoÖng Thu? Linh|556.9|1|0.582
1202|Ahmed Chawki|556.1|2|0.067
1203|Kelly Rowland|554.3|1|0.105
1204|D.R.A.M.|553.2|1|0.047
1205|Portugal. The Man|553|1|0.093
1206|Scooter|551.8|0|0.088
1207|WALK THE MOON|551.5|1|0.079
1208|Empire Of The Sun|551.2|3|0.183
1209|George Strait|550.9|1|0.231
1210|Ashanti|550.3|1|0.168
1211|AminÇ|548.3|1|0.06
1212|Bow Wow|547.4|2|0.111
1213|Rochak Kohli|546.4|1|0.013
1214|Sara Bareilles|545.3|2|0.084
1215|Y2K|545.2|1|0.107
1216|f(x)|544.9|1|0.042
1217|The All-American Rejects|544.7|2|0.093
1218|Kay One|544.6|2|0.036
1219|Lary Over|543.4|1|0.048
1220|K'Naan|541.5|1|0.315
1221|Sevyn Streeter|537.9|1|0.114
1222|Mal£|537.6|0|0.06
1223|Bridgit Mendler|536.7|2|0.037
1224|back number|536.6|1|0.013
1225|Bob Dylan|535.3|0|0.198
1226|Eiffel 65|534.7|2|0.087
1227|Colbie Caillat|533.3|1|0.074
1228|Erol Evgin|532.3|1|0.078
1229|Wanna One|531.2|1|0.043
1230|GReeeeN|531.1|0|0.096
1231|Heuss L'EnfoirÇ|531|2|0.197
1232|Chi DÉn|528.3|1|0.028
1233|Pollo|527.7|2|0.089
1234|Marracash|526.7|0|0.277
1235|Pusho|526.6|1|0.033
1236|Richard Marx|526|1|0.214
1237|R-chord|524.5|0|0.066
1238|Playboi Carti|524|1|0.11
1239|Derya Ulu?|521.9|2|0.101
1240|S?awomir|521.9|1|0.036
1241|UM44K|519.6|2|0.058
1242|Coez|519|1|0.126
1243|Ailee|518.8|1|0.086
1244|Kemilly Santos|517|1|0.116
1245|SinÇad O'Connor|516.3|2|0.249
1246|Queens of the Stone Age|515.5|1|0.096
1247|Beastie Boys|515.5|1|0.114
1248|Jacob Forever|515.3|2|0.149
1249|Judas Priest|514.3|0|0.189
1250|Playa Limbo|514.1|1|0.089
1251|Johnny Cash|513.9|2|0.282
1252|Jimi Hendrix|513.6|1|0.13
1253|Soundgarden|512.6|1|0.139
1254|Annalisa|511.6|0|0.255
1255|Simon & Garfunkel|510|1|0.17
1256|Meat Loaf|508.1|1|0.193
1257|Paloma Mami|508|2|0.164
1258|Jefferson Moraes|506.9|1|0.061
1259|Aun Feeble Heart|505.5|1|0.029
1260|Emma Marrone|503.2|0|0.077
1261|Bonde da Stronda|502.7|1|0.06
1262|Starship|499.3|2|0.326
1263|K. Michelle|499|0|0.062
1264|Munhoz & Mariano|498.6|1|0.034
1265|Lilit Hovhannisyan|498|1|0.12
1266|Cole Swindell|496.6|1|0.19
1267|The xx|496|0|0.061
1268|Zendaya|495.1|1|0.054
1269|Hayley Kiyoko|495|1|0.07
1270|Fleetwood Mac|494.9|0|0.355
1271|Elisa|492.4|0|0.097
1272|Zaho|492.1|1|0.197
1273|OK Go|490.6|0|0.037
1274|Boef|490.5|0|0.173
1275|Momoiro Clover Z|489.9|0|0.078
1276|Lou Bega|489.7|1|0.16
1277|Amir|488.8|2|0.137
1278|Ayumi Hamasaki|487.4|0|0.136
1279|Young Money|487|1|0.07
1280|Hinder|486|1|0.121
1281|Theory of a Deadman|485.4|1|0.056
1282|Rage Against The Machine|484.7|1|0.19
1283|Colonel Reyel|484.4|1|0.039
1284|GÅlben Ergen|484.3|1|0.086
1285|TVXQ|482.9|0|0.067
1286|Take That|482.2|0|0.144
1287|Las Ketchup|481.9|2|0.18
1288|Andreas Gabalier|481.8|1|0.067
1289|Gliss|481.7|2|0.017
1290|Showtek|480.9|2|0.021
1291|KARA|478.7|1|0.175
1292|Diddy ? Dirty Money|478.3|1|0.063
1293|Deep Purple|476.9|2|0.175
1294|Karmin|475.1|1|0.066
1295|Vanilla Ice|474.2|1|0.155
1296|Ton Carfi|473.7|2|0.235
1297|Negramaro|472.1|0|0.074
1298|Nimo|472|0|0.068
1299|Mohombi|471.2|2|0.082
1300|Retrospect|470.7|1|0.041
1301|Luma Elpidio|470|2|0.118
1302|Big Shaq|469.9|1|0.038
1303|Bappi Lahiri|469.9|1|0.084
1304|BTOB|468.2|0|0.08
1305|Sachet Tandon|466.2|1|0.119
1306|Kell Smith|463.3|1|0.101
1307|Eva|462.5|1|0.067
1308|Cheryl|459.3|0|0.026
1309|Blackstreet|458.7|1|0.165
1310|Fridaynight to Sunday|458.4|1|0.103
1311|Hilary Duff|458.2|0|0.034
1312|Belanova|458|1|0.225
1313|A.R. Rahman|455.7|1|0.074
1314|H??ng TrÖm|455.1|2|0.058
1315|Sam Tsui|455.1|0|0.017
1316|Akcent|451.1|1|0.028
1317|Sigma|451|1|0.027
1318|Parampara Tandon|450.9|1|0.109
1319|Discopraise|450.6|1|0.093
1320|M?|449.7|1|0.036
1321|Billy Currington|448.7|1|0.089
1322|Grimes|448.6|0|0.173
1323|Anaãs Delva|447.9|1|0.046
1324|Jaden Smith|447.9|1|0.038
1325|MC Guimà|446.9|1|0.028
1326|Vald|446.5|1|0.042
1327|Grace|446.1|1|0.066
1328|Alligatoah|445.7|0|0.073
1329|Chance the Rapper|445.4|1|0.051
1330|Sugarland|442.3|1|0.072
1331|Salmo|439.7|0|0.086
1332|Konshens|439.7|1|0.06
1333|Ofenbach|439.2|2|0.079
1334|Whitesnake|438|2|0.089
1335|Eve|437.8|1|0.16
1336|Simple Minds|434.8|1|0.163
1337|Rob Zombie|433.3|1|0.133
1338|Lalo Ebratt|431.7|1|0.061
1339|Paloma Faith|430.3|1|0.368
1340|GÅliz Ayla|428.1|2|0.049
1341|Francesco Gabbani|427.9|1|0.034
1342|Yinglee Srijumpol|427.3|1|0.036
1343|Banda Vingadora|426.1|1|0.047
1344|Chung Ha|424.7|0|0.049
1345|December Avenue|424|2|0.133
1346|Jojo Maronttinni|423|1|0.032
1347|Aaliyah|422.4|0|0.027
1348|Skylar Grey|421.7|1|0.057
1349|K-Ci & JoJo|420.4|1|0.114
1350|Jay Rock|419.6|1|0.048
1351|Tyrese|418.8|1|0.137
1352|Maejor Ali|418.3|1|0.031
1353|Anastacia|417.9|0|0.131
1354|Elettra Lamborghini|417.1|1|0.052
1355|Onze:20|416.1|0|0.043
1356|Janet Jackson|416|0|0.208
1357|Rei|414.9|1|0.877
1358|Lil' Kleine|413.2|0|0.028
1359|Veysel|412.2|0|0.058
1360|Toygar I??kl?|411.2|1|0.11
1361|Route 94|410.2|1|0.113
1362|Sheck Wes|409.6|1|0.098
1363|3OH!3|409.4|1|0.034
1364|P-HOT|408.5|1|0.047
1365|Aastha Gill|404.9|1|0.133
1366|Counting Crows|401.9|1|0.126
1367|Max Pezzali|400.7|0|0.115
1368|Bella Thorne|400.4|1|0.015
1369|Cher|400|1|0.399
1370|Eypio|399.1|1|0.061
1371|Metro Boomin|398.6|0|1.004
1372|Tokio Hotel|398.4|0|0.046
1373|Vanessa Carlton|397.9|1|0.093
1374|Eva Simons|396.7|1|0.043
1375|?obuzy|396.5|2|0.113
1376|Mario Bautista|395.8|1|0.083
1377|Village People|395.6|1|0.069
1378|Example|394.5|1|0.044
1379|Thegiornalisti|394.3|1|0.073
1380|Massive Attack|394|0|0.077
1381|Tom Petty|393.4|1|0.118
1382|Sarah Connor|391.6|0|0.079
1383|Emeli SandÇ|391.6|0|0.041
1384|Grebz|390.1|1|0.039
1385|Lamyai Haithongkham|390|1|0.015
1386|Infinite|388.1|0|0.038
1387|The Band Perry|387.9|1|0.053
1388|MC Tati Zaqui|387.8|0|0.019
1389|Shivam Pathak|385.5|1|0.099
1390|Lifehouse|384.7|1|0.059
1391|Azealia Banks|383.3|1|0.033
1392|VIXX|382.6|0|0.03
1393|Normani|382|2|0.137
1394|Lupe Fiasco|381.8|1|0.035
1395|Nargiz|381.2|1|0.051
1396|Natalie Imbruglia|380.2|1|0.11
1397|Jazmine Sullivan|378.7|0|0.166
1398|Thepparit Imsudsumran|377.4|1|0.031
1399|Nek|373.9|1|0.097
1400|Vitaa|373.6|1|0.067
1401|Kavinsky|371|1|0.076
1402|American Authors|369.2|1|0.047
1403|Dosseh|367.9|0|0.042
1404|James Morrison|367.5|1|0.035
1405|Namika|367.4|1|0.047
1406|La Ley|367|1|0.084
1407|Gesu no Kiwami Otome|366.1|0|0.03
1408|Kelsea Ballerini|365.9|0|0.09
1409|Tom and Angela|365.1|1|0.006
1410|K.Will|364.5|1|0.093
1411|Giorgia|363.7|0|0.046
1412|Woodkid|363.1|1|0.081
1413|Beck|361.9|1|0.079
1414|Bomfunk MC's|361.5|1|0.12
1415|Enigma|360.2|1|0.11
1416|Gnarls Barkley|358.1|2|0.236
1417|Alice Cooper|358|1|0.081
1418|Guru Josh|357.7|1|0.101
1419|Matt Hunter|357.7|1|0.019
1420|Alice Merton|357.1|1|0.08
1421|Cassie|356.8|1|0.105
1422|Seeed|356.5|0|0.055
1423|Bad Meets Evil|353.9|2|0.064
1424|Marc Segu°|353.6|1|0.288
1425|Rebecca Black|353.6|1|0.023
1426|Ruth B|353.5|1|0.112
1427|London Grammar|352.9|0|0.093
1428|Priyanka Chopra|351.9|1|0.054
1429|RUN-DMC|350.9|1|0.089
1430|Arizona Zervas|350.8|1|0.097
1431|Warren G|350.7|1|0.104
1432|Mika Singh|350.3|1|0.076
1433|Margaret|349.8|0|0.036
1434|Twister El Rey|347.7|1|0.045
1435|Technotronic|347.1|1|0.121
1436|Kate Bush|346.2|1|0.261
1437|Gianluca Vacchi|345.6|1|0.028
1438|Hurts|343.4|0|0.052
1439|Amy Macdonald|340.6|1|0.122
1440|Farid Bang|340.5|0|0.036
1441|Claudio CapÇo|339.4|1|0.073
1442|Sage The Gemini|339|2|0.022
1443|Icona Pop|336.9|1|0.049
1444|Apocalyptica|335.4|0|0.116
1445|Ketsumeishi|335|2|0.064
1446|MC Jo?o|331.9|1|0.027
1447|Superfly|329.9|1|0.073
1448|Lena|329|0|0.028
1449|Tacabro|326.7|2|0.049
1450|Yohani|326.4|1|0.066
1451|Sukima Switch|325.8|1|0.059
1452|Natasha Bedingfield|323.2|1|0.057
1453|Janelle Mon†e|320.7|0|0.042
1454|Wagakki Band|319.8|1|0.044
1455|Feder|318|2|0.064
1456|CLC|317.5|0|0.033
1457|Klingande|316.4|1|0.025
1458|Ryan Higa|314|0|0.009
1459|Adel Tawil|312.8|0|0.043
1460|Echosmith|312.5|1|0.05
1461|Misia|311.8|0|0.081
1462|Alien Ant Farm|311.5|1|0.111
1463|Wyclef Jean|310.9|2|0.091
1464|Cee Lo Green|310.2|1|0.026
1465|Ronnie Flex|307.2|0|0.018
1466|Evaluna Montaner|306.5|2|0.031
1467|Paolo Nutini|306.1|0|0.062
1468|Robyn|306|0|0.039
1469|Claudia Leitte|305.4|0|0.032
1470|Elle King|304.5|1|0.1
1471|Salt-N-Pepa|304.3|2|0.076
1472|Vanessa Hudgens|303|1|0.007
1473|Lykke Li|302.5|0|0.034
1474|Ashley Tisdale|302.5|0|0.012
1475|Francesco Renga|302.1|0|0.034
1476|Jidenna|301.4|0|0.03
1477|MC Gui|301.3|0|0.008
1478|Rednex|300.6|1|0.132
1479|Belinda|299.8|0|0.063
1480|Die Toten Hosen|297.7|0|0.084
1481|Pacheco|295.6|1|0.022
1482|Ermal Meta|294.6|0|0.036
1483|Shontelle|293.7|1|0.041
1484|The Veronicas|293.5|1|0.053
1485|Israel Novaes|293.3|0|0.016
1486|The-Dream|292.2|0|0.061
1487|Olexesh|290.8|1|0.04
1488|Manu Gavassi|289.6|0|0.015
1489|DJ Sem|288.6|1|0.02
1490|Gianluca Grignani|287.2|1|0.341
1491|Flower|287.1|0|0.058
1492|Bausa|286|1|0.038
1493|Hooverphonic|285.6|1|0.1
1494|Tr?nh ?çnh Quang|285.1|1|0.021
1495|Kelis|284.3|0|0.057
1496|Near|283.2|1|0.045
1497|O-Zone|282.7|1|0.123
1498|Robert Miles|282.1|1|0.105
1499|Chyno Miranda|281.9|1|0.022
1500|Afroman|280.8|1|0.114
1501|Aloe Blacc|280|0|0.032
1502|Estelle|279.8|1|0.084
1503|Kardinal Offishall|279.5|1|0.094
1504|Brandon Beal|279.5|1|0.053
1505|BoA|279.3|0|0.046
1506|Cleopatra Stratan|278.9|0|0.08
1507|Stereoact|277.7|1|0.03
1508|Veysel Mutlu|277.4|1|0.029
1509|Isyana Sarasvati|276.4|1|0.048
1510|Jeff Buckley|273.4|1|0.048
1511|Plain White T's|272.2|0|0.029
1512|Darude|270.2|1|0.061
1513|N.E.R.D|268.5|1|0.028
1514|Natalie La Rose|268.4|1|0.023
1515|MCs Pikeno e Menor|268.4|1|0.004
1516|Midnight Oil|267.3|1|0.076
1517|Charly Black|266.2|0|0.051
1518|Daniel Powter|266|1|0.068
1519|Arcade Fire|265.1|0|0.048
1520|Hunter Hayes|264.7|0|0.037
1521|Anastasija Ra?natovi?|264.6|0|0.033
1522|Faithless|264.1|1|0.157
1523|Do?ukan Manáo|264.1|1|0.025
1524|After School|261.1|1|0.078
1525|Pawe? Domaga?a|259.8|1|0.032
1526|Marteria|258.7|0|0.021
1527|Krist°na|258.3|0|0.021
1528|Anah°|256.1|0|0.109
1529|Phillip Phillips|254.8|1|0.044
1530|NU'EST|253.4|1|0.04
1531|Clementino|253.4|0|0.024
1532|Ayse Hatun ônal|252|1|0.025
1533|David Bowie|251.9|0|0.047
1534|Cobra Starship|251.2|1|0.022
1535|Spyair|249.3|0|0.048
1536|Ella Henderson|248.1|1|0.023
1537|Wheatus|246.4|1|0.084
1538|Hanson|244|1|0.054
1539|Dev|243.8|0|0.014
1540|B.A.P|242.6|0|0.015
1541|Francesca Michielin|241.2|0|0.029
1542|Nick Cave & The Bad Seeds|240.2|0|0.069
1543|Hoa Vinh|239.2|1|0.119
1544|Kiiara|237.8|1|0.036
1545|Myläne Farmer|237.6|0|0.092
1546|Ayaka|237.2|0|0.033
1547|Tay Zonday|236.3|1|0.01
1548|Giusy Ferreri|234.7|0|0.039
1549|Alle Farben|233.5|0|0.015
1550|I LOVE MAKONNEN|233.2|1|0.035
1551|Marvin Gaye|233|1|0.085
1552|Paul McCartney|232.4|0|0.098
1553|Max Gazzä|232.3|0|0.026
1554|Kwabs|232|1|0.032
1555|Cesare Cremonini|231.4|0|0.06
1556|R†faga|230.4|0|0.054
1557|Yeah Yeah Yeahs|230.3|0|0.08
1558|Ghetto PhÇnomäne|230.1|1|0.024
1559|Willow Smith|230|1|0.099
1560|MC Lon|229.3|0|0.016
1561|La Joaqui|229.1|0|1.747
1562|Martin Tungevaag|227.6|1|0.02
1563|Glasperlenspiel|226.6|1|0.028
1564|Daya|222.6|0|0.018
1565|HAIM|220.4|0|0.028
1566|Max Giesinger|219.7|0|0.033
1567|amazarashi|219.6|0|0.05
1568|Gestîrt aber GeiL|219.2|0|0.02
1569|Alex Mica|217.4|1|0.024
1570|GloRilla|216.5|0|0.856
1571|Steps|215.4|0|0.107
1572|Juan Karlos|213.4|1|0.037
1573|Xantos|212.7|1|0.03
1574|David Archuleta|212.6|1|0.041
1575|Pardison Fontaine|210.2|1|0.035
1576|Soul Asylum|209.5|1|0.071
1577|Crayon Pop|208.6|0|0.023
1578|Dulce Mar°a|207.3|0|0.033
1579|Loreen|207.3|1|0.027
1580|MC Bin Laden|206.4|1|0.008
1581|Valesca Popozuda|206|1|0.02
1582|Snakehips|205.9|0|0.02
1583|Pietro Lombardi|204.1|0|0.022
1584|Duffy|203.2|0|0.02
1585|Psirico|201.1|1|0.039
1586|Alex Clare|200.8|0|0.02
1587|The Avener|200.5|0|0.036
